{
    "grid_size": 3,
    "effective_grid_size": 80,
    "cell_size": 26,
    "margin": 10,
    "cell_info": {},
    "cell_rectangle_1": [
        [
            242.09,
            -4.74
        ],
        [
            268.09000000000003,
            21.259999999999998
        ]
    ],
    "cell_rectangle_2": [
        [
            268.09000000000003,
            -4.74
        ],
        [
            294.09000000000003,
            21.259999999999998
        ]
    ],
    "cell_rectangle_3": [
        [
            294.09000000000003,
            -4.74
        ],
        [
            320.09000000000003,
            21.259999999999998
        ]
    ],
    "cell_rectangle_4": [
        [
            242.09,
            21.259999999999998
        ],
        [
            268.09000000000003,
            47.26
        ]
    ],
    "cell_rectangle_5": [
        [
            268.09000000000003,
            21.259999999999998
        ],
        [
            294.09000000000003,
            47.26
        ]
    ],
    "cell_rectangle_6": [
        [
            294.09000000000003,
            21.259999999999998
        ],
        [
            320.09000000000003,
            47.26
        ]
    ],
    "cell_rectangle_7": [
        [
            242.09,
            47.26
        ],
        [
            268.09000000000003,
            73.26
        ]
    ],
    "cell_rectangle_8": [
        [
            268.09000000000003,
            47.26
        ],
        [
            294.09000000000003,
            73.26
        ]
    ],
    "cell_rectangle_9": [
        [
            294.09000000000003,
            47.26
        ],
        [
            320.09000000000003,
            73.26
        ]
    ]
}